vehicle description;vehicle unlock time;vehicle lock time;origin park latitude;origin park longitude;destination park latitude;destination park longitude;total time spent in seconds;charged value
bikeA;2020.01.15 14:04:48;2020.01.15 14:04:53;41.15227;-8.60929;41.15227;-8.60929;5;0.0
bikeA;2020.01.15 14:04:57;2020.01.15 14:05:00;41.15227;-8.60929;41.15227;-8.60929;3;0.0
scooterA;2020.01.01 10:31:31;2020.01.01 10:40:01;41.15227;-8.60929;41.15227;-8.60929;510;0.0
scooterA;2020.01.02 10:31:31;2020.01.02 10:40:01;41.15227;-8.60929;41.15227;-8.60929;510;0.0
scooterA;2020.01.01 10:41:31;2020.01.01 12:50:01;41.15227;-8.60929;41.14063;-8.61118;7710;1.71
scooterA;2020.01.02 10:41:31;2020.01.02 12:50:01;41.15227;-8.60929;41.14063;-8.61118;7710;1.71
bikeA;2020.01.15 14:05:17;2020.01.15 14:05:26;41.15227;-8.60929;41.14063;-8.61118;9;0.0
scooterA;2020.01.01 12:41:31;2020.01.01 13:10:01;41.14063;-8.61118;41.15227;-8.60929;1710;0.0
scooterA;2020.01.02 12:41:31;2020.01.02 13:10:01;41.14063;-8.61118;41.15227;-8.60929;1710;0.0